{
  "cols": 13,
  "data_max": [
    356.2980651855469,
    88.73405456542969,
    104.26629638671875,
    67.22566223144531,
    85.52841186523438,
    62.746917724609375,
    71.26464080810547,
    35.70582580566406,
    53.20771026611328,
    48.324771881103516,
    55.246315002441406,
    51.31995391845703,
    42.34939956665039
  ],
  "data_min": [
    -138.5725860595703,
    -242.63392639160156,
    -156.4552764892578,
    -108.13976287841797,
    -69.29944610595703,
    -67.01917266845703,
    -47.710792541503906,
    -67.69408416748047,
    -54.13296127319336,
    -50.99864959716797,
    -44.53656768798828,
    -56.87841033935547,
    -53.86122131347656
  ],
  "max": 1.0,
  "min": 0.0
}
