{
  "cols": 13,
  "data_max": [
    342.837890625,
    92.22733306884766,
    118.23833465576172,
    58.72258377075195,
    73.3134536743164,
    46.5134162902832,
    71.4498062133789,
    44.04711151123047,
    40.55266571044922,
    48.674171447753906,
    56.08426284790039,
    37.76980209350586,
    48.613677978515625
  ],
  "data_min": [
    -133.8924102783203,
    -209.18089294433594,
    -125.71781921386719,
    -54.454898834228516,
    -48.60710906982422,
    -58.19257354736328,
    -50.270694732666016,
    -54.585365295410156,
    -36.418941497802734,
    -47.29909896850586,
    -35.78263854980469,
    -39.58030700683594,
    -55.33335494995117
  ],
  "max": 1.0,
  "min": 0.0
}
