{
  "cols": 3,
  "data_max": [
    2318.219970703125,
    2082.659423828125,
    20.0
  ],
  "data_min": [
    63.172000885009766,
    27.595970153808594,
    0.02800000086426735
  ],
  "max": 1.0,
  "min": 0.0
}
