{
  "cols": 10,
  "data": {
    "example-4": [
      0.12493443489074707,
      0.7179487347602844,
      0.36467236280441284,
      0.30199429392814636,
      0.5128205418586731,
      0.7094017267227173,
      0.6038549542427063,
      0.6182336211204529,
      0.7214888334274292,
      0.7492877244949341
    ],
    "example-5": [
      0.22507122159004211,
      0.7179487347602844,
      0.36467236280441284,
      0.30199429392814636,
      0.470085471868515,
      0.7094017267227173,
      0.561253547668457,
      0.6182336211204529,
      0.7214888334274292,
      0.7492877244949341
    ],
    "example-6": [
      0.2621082663536072,
      0.8262107968330383,
      0.34757834672927856,
      0.7863247990608215,
      0.470085471868515,
      0.8404558300971985,
      0.5242165327072144,
      0.40740740299224854,
      0.6752136945724487,
      0.7492877244949341
    ],
    "example-7": [
      0.30484330654144287,
      0.8262107968330383,
      0.37321937084198,
      0.7863247990608215,
      0.45299145579338074,
      0.5783475637435913,
      0.5242165327072144,
      0.8062677979469299,
      0.621082603931427,
      0.8034188151359558
    ]
  }
}
