{
  "cols": 3,
  "data_max": [
    2482.919921875,
    2332.6123046875,
    20.0
  ],
  "data_min": [
    140.76400756835938,
    20.471044540405273,
    0.05810000002384186
  ],
  "max": 1.0,
  "min": 0.0
}
